<?xml version="1.0" encoding="utf-8"?>
<extension version="3.0.4" type="plugin" group="editors" method="upgrade">
	<name>Editor - CKEditor</name>
	<version>3.0.4</version>
	<creationDate>2014-07-15</creationDate>
	<author>CKSource</author>
	<authorurl>http://cksource.com</authorurl>
	<license>GPL</license>
	<description>CKEDITOR_PLUGIN_DESCRIPTION</description>
	<files>
	<filename plugin="ckeditor">ckeditor.php</filename>
	</files>
	<languages>
		<language tag="en-GB">en-GB.plg_editors_ckeditor.ini</language>
	</languages>
</extension>